,Date,Price
0,2022-09-20T00:00:00.000,0.841470985
1,2022-09-21T00:00:00.000,0.873736397
2,2022-09-22T00:00:00.000,0.90255357
3,2022-09-23T00:00:00.000,0.927808777
4,2022-09-24T00:00:00.000,0.949402346
5,2022-09-25T00:00:00.000,0.967249058
6,2022-09-26T00:00:00.000,0.98127848
7,2022-09-27T00:00:00.000,0.991435244
8,2022-09-28T00:00:00.000,0.997679266
9,2022-09-29T00:00:00.000,0.999985904
10,2022-09-30T00:00:00.000,0.998346054
11,2022-10-01T00:00:00.000,0.992766189
12,2022-10-02T00:00:00.000,0.983268329
13,2022-10-03T00:00:00.000,0.969889958
14,2022-10-04T00:00:00.000,0.952683874
15,2022-10-05T00:00:00.000,0.931717983
16,2022-10-06T00:00:00.000,0.907075026
17,2022-10-07T00:00:00.000,0.878852258
18,2022-10-08T00:00:00.000,0.847161063
19,2022-10-09T00:00:00.000,0.812126509
20,2022-10-10T00:00:00.000,0.773886863
21,2022-10-11T00:00:00.000,0.73259304
22,2022-10-12T00:00:00.000,0.688408006
23,2022-10-13T00:00:00.000,0.64150614
24,2022-10-14T00:00:00.000,0.592072543
25,2022-10-15T00:00:00.000,0.540302306
26,2022-10-16T00:00:00.000,0.486399742
27,2022-10-17T00:00:00.000,0.430577581
28,2022-10-18T00:00:00.000,0.373056127
29,2022-10-19T00:00:00.000,0.314062391
30,2022-10-20T00:00:00.000,0.253829194
31,2022-10-21T00:00:00.000,0.192594249
32,2022-10-22T00:00:00.000,0.130599223
33,2022-10-23T00:00:00.000,0.068088781
34,2022-10-24T00:00:00.000,0.005309624
35,2022-10-25T00:00:00.000,-0.057490488
36,2022-10-26T00:00:00.000,-0.120063711
37,2022-10-27T00:00:00.000,-0.182163097
38,2022-10-28T00:00:00.000,-0.243543569
39,2022-10-29T00:00:00.000,-0.303962886
40,2022-10-30T00:00:00.000,-0.3631826
41,2022-10-31T00:00:00.000,-0.420968998
42,2022-11-01T00:00:00.000,-0.477094024
43,2022-11-02T00:00:00.000,-0.531336178
44,2022-11-03T00:00:00.000,-0.583481391
45,2022-11-04T00:00:00.000,-0.633323869
46,2022-11-05T00:00:00.000,-0.680666907
47,2022-11-06T00:00:00.000,-0.725323664
48,2022-11-07T00:00:00.000,-0.7671179
49,2022-11-08T00:00:00.000,-0.805884672
50,2022-11-09T00:00:00.000,-0.841470985
51,2022-11-10T00:00:00.000,-0.873736397
52,2022-11-11T00:00:00.000,-0.90255357
53,2022-11-12T00:00:00.000,-0.927808777
54,2022-11-13T00:00:00.000,-0.949402346
55,2022-11-14T00:00:00.000,-0.967249058
56,2022-11-15T00:00:00.000,-0.98127848
57,2022-11-16T00:00:00.000,-0.991435244
58,2022-11-17T00:00:00.000,-0.997679266
59,2022-11-18T00:00:00.000,-0.999985904
60,2022-11-19T00:00:00.000,-0.998346054
61,2022-11-20T00:00:00.000,-0.992766189
62,2022-11-21T00:00:00.000,-0.983268329
63,2022-11-22T00:00:00.000,-0.969889958
64,2022-11-23T00:00:00.000,-0.952683874
65,2022-11-24T00:00:00.000,-0.931717983
66,2022-11-25T00:00:00.000,-0.907075026
67,2022-11-26T00:00:00.000,-0.878852258
68,2022-11-27T00:00:00.000,-0.847161063
69,2022-11-28T00:00:00.000,-0.812126509
70,2022-11-29T00:00:00.000,-0.773886863
71,2022-11-30T00:00:00.000,-0.73259304
72,2022-12-01T00:00:00.000,-0.688408006
73,2022-12-02T00:00:00.000,-0.64150614
74,2022-12-03T00:00:00.000,-0.592072543
75,2022-12-04T00:00:00.000,-0.540302306
76,2022-12-05T00:00:00.000,-0.486399742
77,2022-12-06T00:00:00.000,-0.430577581
78,2022-12-07T00:00:00.000,-0.373056127
79,2022-12-08T00:00:00.000,-0.314062391
80,2022-12-09T00:00:00.000,-0.253829194
81,2022-12-10T00:00:00.000,-0.192594249
82,2022-12-11T00:00:00.000,-0.130599223
83,2022-12-12T00:00:00.000,-0.068088781
84,2022-12-13T00:00:00.000,-0.005309624
85,2022-12-14T00:00:00.000,0.057490488
86,2022-12-15T00:00:00.000,0.120063711
87,2022-12-16T00:00:00.000,0.182163097
88,2022-12-17T00:00:00.000,0.243543569
89,2022-12-18T00:00:00.000,0.303962886
90,2022-12-19T00:00:00.000,0.3631826
91,2022-12-20T00:00:00.000,0.420968998
92,2022-12-21T00:00:00.000,0.477094024
93,2022-12-22T00:00:00.000,0.531336178
94,2022-12-23T00:00:00.000,0.583481391
95,2022-12-24T00:00:00.000,0.633323869
96,2022-12-25T00:00:00.000,0.680666907
97,2022-12-26T00:00:00.000,0.725323664
98,2022-12-27T00:00:00.000,0.7671179
99,2022-12-28T00:00:00.000,0.805884672
100,2022-12-29T00:00:00.000,0.841470985
101,2022-12-30T00:00:00.000,0.873736397
102,2022-12-31T00:00:00.000,0.90255357
103,2023-01-01T00:00:00.000,0.927808777
104,2023-01-02T00:00:00.000,0.949402346
105,2023-01-03T00:00:00.000,0.967249058
106,2023-01-04T00:00:00.000,0.98127848
107,2023-01-05T00:00:00.000,0.991435244
108,2023-01-06T00:00:00.000,0.997679266
109,2023-01-07T00:00:00.000,0.999985904
110,2023-01-08T00:00:00.000,0.998346054
111,2023-01-09T00:00:00.000,0.992766189
112,2023-01-10T00:00:00.000,0.983268329
113,2023-01-11T00:00:00.000,0.969889958
114,2023-01-12T00:00:00.000,0.952683874
115,2023-01-13T00:00:00.000,0.931717983
116,2023-01-14T00:00:00.000,0.907075026
117,2023-01-15T00:00:00.000,0.878852258
118,2023-01-16T00:00:00.000,0.847161063
119,2023-01-17T00:00:00.000,0.812126509
120,2023-01-18T00:00:00.000,0.773886863
121,2023-01-19T00:00:00.000,0.73259304
122,2023-01-20T00:00:00.000,0.688408006
123,2023-01-21T00:00:00.000,0.64150614
124,2023-01-22T00:00:00.000,0.592072543
125,2023-01-23T00:00:00.000,0.540302306
126,2023-01-24T00:00:00.000,0.486399742
127,2023-01-25T00:00:00.000,0.430577581
128,2023-01-26T00:00:00.000,0.373056127
129,2023-01-27T00:00:00.000,0.314062391
130,2023-01-28T00:00:00.000,0.253829194
131,2023-01-29T00:00:00.000,0.192594249
132,2023-01-30T00:00:00.000,0.130599223
133,2023-01-31T00:00:00.000,0.068088781
134,2023-02-01T00:00:00.000,0.005309624
135,2023-02-02T00:00:00.000,-0.057490488
136,2023-02-03T00:00:00.000,-0.120063711
137,2023-02-04T00:00:00.000,-0.182163097
138,2023-02-05T00:00:00.000,-0.243543569
139,2023-02-06T00:00:00.000,-0.303962886
140,2023-02-07T00:00:00.000,-0.3631826
141,2023-02-08T00:00:00.000,-0.420968998
142,2023-02-09T00:00:00.000,-0.477094024
143,2023-02-10T00:00:00.000,-0.531336178
144,2023-02-11T00:00:00.000,-0.583481391
145,2023-02-12T00:00:00.000,-0.633323869
146,2023-02-13T00:00:00.000,-0.680666907
147,2023-02-14T00:00:00.000,-0.725323664
148,2023-02-15T00:00:00.000,-0.7671179
149,2023-02-16T00:00:00.000,-0.805884672
150,2023-02-17T00:00:00.000,-0.841470985
151,2023-02-18T00:00:00.000,-0.873736397
152,2023-02-19T00:00:00.000,-0.90255357
153,2023-02-20T00:00:00.000,-0.927808777
154,2023-02-21T00:00:00.000,-0.949402346
155,2023-02-22T00:00:00.000,-0.967249058
156,2023-02-23T00:00:00.000,-0.98127848
157,2023-02-24T00:00:00.000,-0.991435244
158,2023-02-25T00:00:00.000,-0.997679266
159,2023-02-26T00:00:00.000,-0.999985904
160,2023-02-27T00:00:00.000,-0.998346054
161,2023-02-28T00:00:00.000,-0.992766189
162,2023-03-01T00:00:00.000,-0.983268329
163,2023-03-02T00:00:00.000,-0.969889958
164,2023-03-03T00:00:00.000,-0.952683874
165,2023-03-04T00:00:00.000,-0.931717983
166,2023-03-05T00:00:00.000,-0.907075026
167,2023-03-06T00:00:00.000,-0.878852258
168,2023-03-07T00:00:00.000,-0.847161063
169,2023-03-08T00:00:00.000,-0.812126509
170,2023-03-09T00:00:00.000,-0.773886863
171,2023-03-10T00:00:00.000,-0.73259304
172,2023-03-11T00:00:00.000,-0.688408006
173,2023-03-12T00:00:00.000,-0.64150614
174,2023-03-13T00:00:00.000,-0.592072543
175,2023-03-14T00:00:00.000,-0.540302306
176,2023-03-15T00:00:00.000,-0.486399742
177,2023-03-16T00:00:00.000,-0.430577581
178,2023-03-17T00:00:00.000,-0.373056127
179,2023-03-18T00:00:00.000,-0.314062391
180,2023-03-19T00:00:00.000,-0.253829194
181,2023-03-20T00:00:00.000,-0.192594249
182,2023-03-21T00:00:00.000,-0.130599223
183,2023-03-22T00:00:00.000,-0.068088781
184,2023-03-23T00:00:00.000,-0.005309624
185,2023-03-24T00:00:00.000,0.057490488
186,2023-03-25T00:00:00.000,0.120063711
187,2023-03-26T00:00:00.000,0.182163097
188,2023-03-27T00:00:00.000,0.243543569
189,2023-03-28T00:00:00.000,0.303962886
190,2023-03-29T00:00:00.000,0.3631826
191,2023-03-30T00:00:00.000,0.420968998
192,2023-03-31T00:00:00.000,0.477094024
193,2023-04-01T00:00:00.000,0.531336178
194,2023-04-02T00:00:00.000,0.583481391
195,2023-04-03T00:00:00.000,0.633323869
196,2023-04-04T00:00:00.000,0.680666907
197,2023-04-05T00:00:00.000,0.725323664
198,2023-04-06T00:00:00.000,0.7671179
199,2023-04-07T00:00:00.000,0.805884672
200,2023-04-08T00:00:00.000,0.841470985
201,2023-04-09T00:00:00.000,0.873736397
202,2023-04-10T00:00:00.000,0.90255357
203,2023-04-11T00:00:00.000,0.927808777
204,2023-04-12T00:00:00.000,0.949402346
205,2023-04-13T00:00:00.000,0.967249058
206,2023-04-14T00:00:00.000,0.98127848
207,2023-04-15T00:00:00.000,0.991435244
208,2023-04-16T00:00:00.000,0.997679266
209,2023-04-17T00:00:00.000,0.999985904
210,2023-04-18T00:00:00.000,0.998346054
211,2023-04-19T00:00:00.000,0.992766189
212,2023-04-20T00:00:00.000,0.983268329
213,2023-04-21T00:00:00.000,0.969889958
214,2023-04-22T00:00:00.000,0.952683874
215,2023-04-23T00:00:00.000,0.931717983
216,2023-04-24T00:00:00.000,0.907075026
217,2023-04-25T00:00:00.000,0.878852258
218,2023-04-26T00:00:00.000,0.847161063
219,2023-04-27T00:00:00.000,0.812126509
220,2023-04-28T00:00:00.000,0.773886863
221,2023-04-29T00:00:00.000,0.73259304
222,2023-04-30T00:00:00.000,0.688408006
223,2023-05-01T00:00:00.000,0.64150614
224,2023-05-02T00:00:00.000,0.592072543
225,2023-05-03T00:00:00.000,0.540302306
226,2023-05-04T00:00:00.000,0.486399742
227,2023-05-05T00:00:00.000,0.430577581
228,2023-05-06T00:00:00.000,0.373056127
229,2023-05-07T00:00:00.000,0.314062391
230,2023-05-08T00:00:00.000,0.253829194
231,2023-05-09T00:00:00.000,0.192594249
232,2023-05-10T00:00:00.000,0.130599223
233,2023-05-11T00:00:00.000,0.068088781
234,2023-05-12T00:00:00.000,0.005309624
235,2023-05-13T00:00:00.000,-0.057490488
236,2023-05-14T00:00:00.000,-0.120063711
237,2023-05-15T00:00:00.000,-0.182163097
238,2023-05-16T00:00:00.000,-0.243543569
239,2023-05-17T00:00:00.000,-0.303962886
240,2023-05-18T00:00:00.000,-0.3631826
241,2023-05-19T00:00:00.000,-0.420968998
242,2023-05-20T00:00:00.000,-0.477094024
243,2023-05-21T00:00:00.000,-0.531336178
244,2023-05-22T00:00:00.000,-0.583481391
245,2023-05-23T00:00:00.000,-0.633323869
246,2023-05-24T00:00:00.000,-0.680666907
247,2023-05-25T00:00:00.000,-0.725323664
248,2023-05-26T00:00:00.000,-0.7671179
249,2023-05-27T00:00:00.000,-0.805884672
250,2023-05-28T00:00:00.000,-0.841470985
251,2023-05-29T00:00:00.000,-0.873736397
252,2023-05-30T00:00:00.000,-0.90255357
253,2023-05-31T00:00:00.000,-0.927808777
254,2023-06-01T00:00:00.000,-0.949402346
255,2023-06-02T00:00:00.000,-0.967249058
256,2023-06-03T00:00:00.000,-0.98127848
257,2023-06-04T00:00:00.000,-0.991435244
258,2023-06-05T00:00:00.000,-0.997679266
259,2023-06-06T00:00:00.000,-0.999985904
260,2023-06-07T00:00:00.000,-0.998346054
261,2023-06-08T00:00:00.000,-0.992766189
262,2023-06-09T00:00:00.000,-0.983268329
263,2023-06-10T00:00:00.000,-0.969889958
264,2023-06-11T00:00:00.000,-0.952683874
265,2023-06-12T00:00:00.000,-0.931717983
266,2023-06-13T00:00:00.000,-0.907075026
267,2023-06-14T00:00:00.000,-0.878852258
268,2023-06-15T00:00:00.000,-0.847161063
269,2023-06-16T00:00:00.000,-0.812126509
270,2023-06-17T00:00:00.000,-0.773886863
271,2023-06-18T00:00:00.000,-0.73259304
272,2023-06-19T00:00:00.000,-0.688408006
273,2023-06-20T00:00:00.000,-0.64150614
274,2023-06-21T00:00:00.000,-0.592072543
275,2023-06-22T00:00:00.000,-0.540302306
276,2023-06-23T00:00:00.000,-0.486399742
277,2023-06-24T00:00:00.000,-0.430577581
278,2023-06-25T00:00:00.000,-0.373056127
279,2023-06-26T00:00:00.000,-0.314062391
280,2023-06-27T00:00:00.000,-0.253829194
281,2023-06-28T00:00:00.000,-0.192594249
282,2023-06-29T00:00:00.000,-0.130599223
283,2023-06-30T00:00:00.000,-0.068088781
284,2023-07-01T00:00:00.000,-0.005309624
285,2023-07-02T00:00:00.000,0.057490488
286,2023-07-03T00:00:00.000,0.120063711
287,2023-07-04T00:00:00.000,0.182163097
288,2023-07-05T00:00:00.000,0.243543569
289,2023-07-06T00:00:00.000,0.303962886
290,2023-07-07T00:00:00.000,0.3631826
291,2023-07-08T00:00:00.000,0.420968998
292,2023-07-09T00:00:00.000,0.477094024
293,2023-07-10T00:00:00.000,0.531336178
294,2023-07-11T00:00:00.000,0.583481391
295,2023-07-12T00:00:00.000,0.633323869
296,2023-07-13T00:00:00.000,0.680666907
297,2023-07-14T00:00:00.000,0.725323664
298,2023-07-15T00:00:00.000,0.7671179
299,2023-07-16T00:00:00.000,0.805884672
300,2023-07-17T00:00:00.000,0.841470985
301,2023-07-18T00:00:00.000,0.873736397
302,2023-07-19T00:00:00.000,0.90255357
303,2023-07-20T00:00:00.000,0.927808777
304,2023-07-21T00:00:00.000,0.949402346
305,2023-07-22T00:00:00.000,0.967249058
306,2023-07-23T00:00:00.000,0.98127848
307,2023-07-24T00:00:00.000,0.991435244
308,2023-07-25T00:00:00.000,0.997679266
309,2023-07-26T00:00:00.000,0.999985904
310,2023-07-27T00:00:00.000,0.998346054
311,2023-07-28T00:00:00.000,0.992766189
312,2023-07-29T00:00:00.000,0.983268329
313,2023-07-30T00:00:00.000,0.969889958
314,2023-07-31T00:00:00.000,0.952683874
315,2023-08-01T00:00:00.000,0.931717983
316,2023-08-02T00:00:00.000,0.907075026
317,2023-08-03T00:00:00.000,0.878852258
318,2023-08-04T00:00:00.000,0.847161063
319,2023-08-05T00:00:00.000,0.812126509
320,2023-08-06T00:00:00.000,0.773886863
321,2023-08-07T00:00:00.000,0.73259304
322,2023-08-08T00:00:00.000,0.688408006
323,2023-08-09T00:00:00.000,0.64150614
324,2023-08-10T00:00:00.000,0.592072543
325,2023-08-11T00:00:00.000,0.540302306
326,2023-08-12T00:00:00.000,0.486399742
327,2023-08-13T00:00:00.000,0.430577581
328,2023-08-14T00:00:00.000,0.373056127
329,2023-08-15T00:00:00.000,0.314062391
330,2023-08-16T00:00:00.000,0.253829194
331,2023-08-17T00:00:00.000,0.192594249
332,2023-08-18T00:00:00.000,0.130599223
333,2023-08-19T00:00:00.000,0.068088781
334,2023-08-20T00:00:00.000,0.005309624
335,2023-08-21T00:00:00.000,-0.057490488
336,2023-08-22T00:00:00.000,-0.120063711
337,2023-08-23T00:00:00.000,-0.182163097
338,2023-08-24T00:00:00.000,-0.243543569
339,2023-08-25T00:00:00.000,-0.303962886
340,2023-08-26T00:00:00.000,-0.3631826
341,2023-08-27T00:00:00.000,-0.420968998
342,2023-08-28T00:00:00.000,-0.477094024
343,2023-08-29T00:00:00.000,-0.531336178
344,2023-08-30T00:00:00.000,-0.583481391
345,2023-08-31T00:00:00.000,-0.633323869
346,2023-09-01T00:00:00.000,-0.680666907
347,2023-09-02T00:00:00.000,-0.725323664
348,2023-09-03T00:00:00.000,-0.7671179
349,2023-09-04T00:00:00.000,-0.805884672
350,2023-09-05T00:00:00.000,-0.841470985
351,2023-09-06T00:00:00.000,-0.873736397
352,2023-09-07T00:00:00.000,-0.90255357
353,2023-09-08T00:00:00.000,-0.927808777
354,2023-09-09T00:00:00.000,-0.949402346
355,2023-09-10T00:00:00.000,-0.967249058
356,2023-09-11T00:00:00.000,-0.98127848
357,2023-09-12T00:00:00.000,-0.991435244
358,2023-09-13T00:00:00.000,-0.997679266
359,2023-09-14T00:00:00.000,-0.999985904
360,2023-09-15T00:00:00.000,-0.998346054
361,2023-09-16T00:00:00.000,-0.992766189
362,2023-09-17T00:00:00.000,-0.983268329
363,2023-09-18T00:00:00.000,-0.969889958
364,2023-09-19T00:00:00.000,-0.952683874
365,2023-09-20T00:00:00.000,-0.931717983
366,2023-09-21T00:00:00.000,-0.907075026
367,2023-09-22T00:00:00.000,-0.878852258
368,2023-09-23T00:00:00.000,-0.847161063
369,2023-09-24T00:00:00.000,-0.812126509
370,2023-09-25T00:00:00.000,-0.773886863
371,2023-09-26T00:00:00.000,-0.73259304
372,2023-09-27T00:00:00.000,-0.688408006
373,2023-09-28T00:00:00.000,-0.64150614
374,2023-09-29T00:00:00.000,-0.592072543
375,2023-09-30T00:00:00.000,-0.540302306
376,2023-10-01T00:00:00.000,-0.486399742
377,2023-10-02T00:00:00.000,-0.430577581
378,2023-10-03T00:00:00.000,-0.373056127
379,2023-10-04T00:00:00.000,-0.314062391
380,2023-10-05T00:00:00.000,-0.253829194
381,2023-10-06T00:00:00.000,-0.192594249
382,2023-10-07T00:00:00.000,-0.130599223
383,2023-10-08T00:00:00.000,-0.068088781
384,2023-10-09T00:00:00.000,-0.005309624
385,2023-10-10T00:00:00.000,0.057490488
386,2023-10-11T00:00:00.000,0.120063711
387,2023-10-12T00:00:00.000,0.182163097
388,2023-10-13T00:00:00.000,0.243543569
389,2023-10-14T00:00:00.000,0.303962886
390,2023-10-15T00:00:00.000,0.3631826
391,2023-10-16T00:00:00.000,0.420968998
392,2023-10-17T00:00:00.000,0.477094024
393,2023-10-18T00:00:00.000,0.531336178
394,2023-10-19T00:00:00.000,0.583481391
395,2023-10-20T00:00:00.000,0.633323869
396,2023-10-21T00:00:00.000,0.680666907
397,2023-10-22T00:00:00.000,0.725323664
398,2023-10-23T00:00:00.000,0.7671179
399,2023-10-24T00:00:00.000,0.805884672
400,2023-10-25T00:00:00.000,0.841470985
401,2023-10-26T00:00:00.000,0.873736397
402,2023-10-27T00:00:00.000,0.90255357
403,2023-10-28T00:00:00.000,0.927808777
404,2023-10-29T00:00:00.000,0.949402346
405,2023-10-30T00:00:00.000,0.967249058
406,2023-10-31T00:00:00.000,0.98127848
407,2023-11-01T00:00:00.000,0.991435244
408,2023-11-02T00:00:00.000,0.997679266
409,2023-11-03T00:00:00.000,0.999985904
410,2023-11-04T00:00:00.000,0.998346054
411,2023-11-05T00:00:00.000,0.992766189
412,2023-11-06T00:00:00.000,0.983268329
413,2023-11-07T00:00:00.000,0.969889958
414,2023-11-08T00:00:00.000,0.952683874
415,2023-11-09T00:00:00.000,0.931717983
416,2023-11-10T00:00:00.000,0.907075026
417,2023-11-11T00:00:00.000,0.878852258
418,2023-11-12T00:00:00.000,0.847161063
419,2023-11-13T00:00:00.000,0.812126509
420,2023-11-14T00:00:00.000,0.773886863
421,2023-11-15T00:00:00.000,0.73259304
422,2023-11-16T00:00:00.000,0.688408006
423,2023-11-17T00:00:00.000,0.64150614
424,2023-11-18T00:00:00.000,0.592072543
425,2023-11-19T00:00:00.000,0.540302306
426,2023-11-20T00:00:00.000,0.486399742
427,2023-11-21T00:00:00.000,0.430577581
428,2023-11-22T00:00:00.000,0.373056127
429,2023-11-23T00:00:00.000,0.314062391
430,2023-11-24T00:00:00.000,0.253829194
431,2023-11-25T00:00:00.000,0.192594249
432,2023-11-26T00:00:00.000,0.130599223
433,2023-11-27T00:00:00.000,0.068088781
434,2023-11-28T00:00:00.000,0.005309624
435,2023-11-29T00:00:00.000,-0.057490488
436,2023-11-30T00:00:00.000,-0.120063711
437,2023-12-01T00:00:00.000,-0.182163097
438,2023-12-02T00:00:00.000,-0.243543569
439,2023-12-03T00:00:00.000,-0.303962886
440,2023-12-04T00:00:00.000,-0.3631826
441,2023-12-05T00:00:00.000,-0.420968998
442,2023-12-06T00:00:00.000,-0.477094024
443,2023-12-07T00:00:00.000,-0.531336178
444,2023-12-08T00:00:00.000,-0.583481391
445,2023-12-09T00:00:00.000,-0.633323869
446,2023-12-10T00:00:00.000,-0.680666907
447,2023-12-11T00:00:00.000,-0.725323664
448,2023-12-12T00:00:00.000,-0.7671179
449,2023-12-13T00:00:00.000,-0.805884672
450,2023-12-14T00:00:00.000,-0.841470985
451,2023-12-15T00:00:00.000,-0.873736397
452,2023-12-16T00:00:00.000,-0.90255357
453,2023-12-17T00:00:00.000,-0.927808777
454,2023-12-18T00:00:00.000,-0.949402346
455,2023-12-19T00:00:00.000,-0.967249058
456,2023-12-20T00:00:00.000,-0.98127848
457,2023-12-21T00:00:00.000,-0.991435244
458,2023-12-22T00:00:00.000,-0.997679266
459,2023-12-23T00:00:00.000,-0.999985904
460,2023-12-24T00:00:00.000,-0.998346054
461,2023-12-25T00:00:00.000,-0.992766189
462,2023-12-26T00:00:00.000,-0.983268329
463,2023-12-27T00:00:00.000,-0.969889958
464,2023-12-28T00:00:00.000,-0.952683874
465,2023-12-29T00:00:00.000,-0.931717983
466,2023-12-30T00:00:00.000,-0.907075026
467,2023-12-31T00:00:00.000,-0.878852258
468,2024-01-01T00:00:00.000,-0.847161063
469,2024-01-02T00:00:00.000,-0.812126509
470,2024-01-03T00:00:00.000,-0.773886863
471,2024-01-04T00:00:00.000,-0.73259304
472,2024-01-05T00:00:00.000,-0.688408006
473,2024-01-06T00:00:00.000,-0.64150614
474,2024-01-07T00:00:00.000,-0.592072543
475,2024-01-08T00:00:00.000,-0.540302306
476,2024-01-09T00:00:00.000,-0.486399742
477,2024-01-10T00:00:00.000,-0.430577581
478,2024-01-11T00:00:00.000,-0.373056127
479,2024-01-12T00:00:00.000,-0.314062391
480,2024-01-13T00:00:00.000,-0.253829194
481,2024-01-14T00:00:00.000,-0.192594249
482,2024-01-15T00:00:00.000,-0.130599223
483,2024-01-16T00:00:00.000,-0.068088781
484,2024-01-17T00:00:00.000,-0.005309624
485,2024-01-18T00:00:00.000,0.057490488
486,2024-01-19T00:00:00.000,0.120063711
487,2024-01-20T00:00:00.000,0.182163097
488,2024-01-21T00:00:00.000,0.243543569
489,2024-01-22T00:00:00.000,0.303962886
490,2024-01-23T00:00:00.000,0.3631826
491,2024-01-24T00:00:00.000,0.420968998
492,2024-01-25T00:00:00.000,0.477094024
493,2024-01-26T00:00:00.000,0.531336178
494,2024-01-27T00:00:00.000,0.583481391
495,2024-01-28T00:00:00.000,0.633323869
496,2024-01-29T00:00:00.000,0.680666907
497,2024-01-30T00:00:00.000,0.725323664
498,2024-01-31T00:00:00.000,0.7671179
499,2024-02-01T00:00:00.000,0.805884672
500,2024-02-02T00:00:00.000,0.841470985
501,2024-02-03T00:00:00.000,0.873736397
502,2024-02-04T00:00:00.000,0.90255357
503,2024-02-05T00:00:00.000,0.927808777
504,2024-02-06T00:00:00.000,0.949402346
505,2024-02-07T00:00:00.000,0.967249058
506,2024-02-08T00:00:00.000,0.98127848
507,2024-02-09T00:00:00.000,0.991435244
508,2024-02-10T00:00:00.000,0.997679266
509,2024-02-11T00:00:00.000,0.999985904
510,2024-02-12T00:00:00.000,0.998346054
511,2024-02-13T00:00:00.000,0.992766189
512,2024-02-14T00:00:00.000,0.983268329
513,2024-02-15T00:00:00.000,0.969889958
514,2024-02-16T00:00:00.000,0.952683874
515,2024-02-17T00:00:00.000,0.931717983
516,2024-02-18T00:00:00.000,0.907075026
517,2024-02-19T00:00:00.000,0.878852258
518,2024-02-20T00:00:00.000,0.847161063
519,2024-02-21T00:00:00.000,0.812126509
520,2024-02-22T00:00:00.000,0.773886863
521,2024-02-23T00:00:00.000,0.73259304
522,2024-02-24T00:00:00.000,0.688408006
523,2024-02-25T00:00:00.000,0.64150614
524,2024-02-26T00:00:00.000,0.592072543
525,2024-02-27T00:00:00.000,0.540302306
526,2024-02-28T00:00:00.000,0.486399742
527,2024-02-29T00:00:00.000,0.430577581
528,2024-03-01T00:00:00.000,0.373056127
529,2024-03-02T00:00:00.000,0.314062391
530,2024-03-03T00:00:00.000,0.253829194
531,2024-03-04T00:00:00.000,0.192594249
532,2024-03-05T00:00:00.000,0.130599223
533,2024-03-06T00:00:00.000,0.068088781
534,2024-03-07T00:00:00.000,0.005309624
535,2024-03-08T00:00:00.000,-0.057490488
536,2024-03-09T00:00:00.000,-0.120063711
537,2024-03-10T00:00:00.000,-0.182163097
538,2024-03-11T00:00:00.000,-0.243543569
539,2024-03-12T00:00:00.000,-0.303962886
540,2024-03-13T00:00:00.000,-0.3631826
541,2024-03-14T00:00:00.000,-0.420968998
542,2024-03-15T00:00:00.000,-0.477094024
543,2024-03-16T00:00:00.000,-0.531336178
544,2024-03-17T00:00:00.000,-0.583481391
545,2024-03-18T00:00:00.000,-0.633323869
546,2024-03-19T00:00:00.000,-0.680666907
547,2024-03-20T00:00:00.000,-0.725323664
548,2024-03-21T00:00:00.000,-0.7671179
549,2024-03-22T00:00:00.000,-0.805884672
550,2024-03-23T00:00:00.000,-0.841470985
551,2024-03-24T00:00:00.000,-0.873736397
552,2024-03-25T00:00:00.000,-0.90255357
553,2024-03-26T00:00:00.000,-0.927808777
554,2024-03-27T00:00:00.000,-0.949402346
555,2024-03-28T00:00:00.000,-0.967249058
556,2024-03-29T00:00:00.000,-0.98127848
557,2024-03-30T00:00:00.000,-0.991435244
558,2024-03-31T00:00:00.000,-0.997679266
559,2024-04-01T00:00:00.000,-0.999985904
560,2024-04-02T00:00:00.000,-0.998346054
561,2024-04-03T00:00:00.000,-0.992766189
562,2024-04-04T00:00:00.000,-0.983268329
563,2024-04-05T00:00:00.000,-0.969889958
564,2024-04-06T00:00:00.000,-0.952683874
565,2024-04-07T00:00:00.000,-0.931717983
566,2024-04-08T00:00:00.000,-0.907075026
567,2024-04-09T00:00:00.000,-0.878852258
568,2024-04-10T00:00:00.000,-0.847161063
569,2024-04-11T00:00:00.000,-0.812126509
570,2024-04-12T00:00:00.000,-0.773886863
571,2024-04-13T00:00:00.000,-0.73259304
572,2024-04-14T00:00:00.000,-0.688408006
573,2024-04-15T00:00:00.000,-0.64150614
574,2024-04-16T00:00:00.000,-0.592072543
575,2024-04-17T00:00:00.000,-0.540302306
576,2024-04-18T00:00:00.000,-0.486399742
577,2024-04-19T00:00:00.000,-0.430577581
578,2024-04-20T00:00:00.000,-0.373056127
579,2024-04-21T00:00:00.000,-0.314062391
580,2024-04-22T00:00:00.000,-0.253829194
581,2024-04-23T00:00:00.000,-0.192594249
582,2024-04-24T00:00:00.000,-0.130599223
583,2024-04-25T00:00:00.000,-0.068088781
584,2024-04-26T00:00:00.000,-0.005309624
585,2024-04-27T00:00:00.000,0.057490488
586,2024-04-28T00:00:00.000,0.120063711
587,2024-04-29T00:00:00.000,0.182163097
588,2024-04-30T00:00:00.000,0.243543569
589,2024-05-01T00:00:00.000,0.303962886
590,2024-05-02T00:00:00.000,0.3631826
591,2024-05-03T00:00:00.000,0.420968998
592,2024-05-04T00:00:00.000,0.477094024
593,2024-05-05T00:00:00.000,0.531336178
594,2024-05-06T00:00:00.000,0.583481391
595,2024-05-07T00:00:00.000,0.633323869
596,2024-05-08T00:00:00.000,0.680666907
597,2024-05-09T00:00:00.000,0.725323664
598,2024-05-10T00:00:00.000,0.7671179
599,2024-05-11T00:00:00.000,0.805884672
600,2024-05-12T00:00:00.000,0.841470985
601,2024-05-13T00:00:00.000,0.873736397
602,2024-05-14T00:00:00.000,0.90255357
603,2024-05-15T00:00:00.000,0.927808777
604,2024-05-16T00:00:00.000,0.949402346
605,2024-05-17T00:00:00.000,0.967249058
606,2024-05-18T00:00:00.000,0.98127848
607,2024-05-19T00:00:00.000,0.991435244
608,2024-05-20T00:00:00.000,0.997679266
609,2024-05-21T00:00:00.000,0.999985904
610,2024-05-22T00:00:00.000,0.998346054
611,2024-05-23T00:00:00.000,0.992766189
612,2024-05-24T00:00:00.000,0.983268329
613,2024-05-25T00:00:00.000,0.969889958
614,2024-05-26T00:00:00.000,0.952683874
615,2024-05-27T00:00:00.000,0.931717983
616,2024-05-28T00:00:00.000,0.907075026
617,2024-05-29T00:00:00.000,0.878852258
618,2024-05-30T00:00:00.000,0.847161063
619,2024-05-31T00:00:00.000,0.812126509
620,2024-06-01T00:00:00.000,0.773886863
621,2024-06-02T00:00:00.000,0.73259304
622,2024-06-03T00:00:00.000,0.688408006
623,2024-06-04T00:00:00.000,0.64150614
624,2024-06-05T00:00:00.000,0.592072543
625,2024-06-06T00:00:00.000,0.540302306
626,2024-06-07T00:00:00.000,0.486399742
627,2024-06-08T00:00:00.000,0.430577581
628,2024-06-09T00:00:00.000,0.373056127
629,2024-06-10T00:00:00.000,0.314062391
630,2024-06-11T00:00:00.000,0.253829194
631,2024-06-12T00:00:00.000,0.192594249
632,2024-06-13T00:00:00.000,0.130599223
633,2024-06-14T00:00:00.000,0.068088781
634,2024-06-15T00:00:00.000,0.005309624
635,2024-06-16T00:00:00.000,-0.057490488
636,2024-06-17T00:00:00.000,-0.120063711
637,2024-06-18T00:00:00.000,-0.182163097
638,2024-06-19T00:00:00.000,-0.243543569
639,2024-06-20T00:00:00.000,-0.303962886
640,2024-06-21T00:00:00.000,-0.3631826
641,2024-06-22T00:00:00.000,-0.420968998
642,2024-06-23T00:00:00.000,-0.477094024
643,2024-06-24T00:00:00.000,-0.531336178
644,2024-06-25T00:00:00.000,-0.583481391
645,2024-06-26T00:00:00.000,-0.633323869
646,2024-06-27T00:00:00.000,-0.680666907
647,2024-06-28T00:00:00.000,-0.725323664
648,2024-06-29T00:00:00.000,-0.7671179
649,2024-06-30T00:00:00.000,-0.805884672
650,2024-07-01T00:00:00.000,-0.841470985
651,2024-07-02T00:00:00.000,-0.873736397
652,2024-07-03T00:00:00.000,-0.90255357
653,2024-07-04T00:00:00.000,-0.927808777
654,2024-07-05T00:00:00.000,-0.949402346
655,2024-07-06T00:00:00.000,-0.967249058
656,2024-07-07T00:00:00.000,-0.98127848
657,2024-07-08T00:00:00.000,-0.991435244
658,2024-07-09T00:00:00.000,-0.997679266
659,2024-07-10T00:00:00.000,-0.999985904
660,2024-07-11T00:00:00.000,-0.998346054
661,2024-07-12T00:00:00.000,-0.992766189
662,2024-07-13T00:00:00.000,-0.983268329
663,2024-07-14T00:00:00.000,-0.969889958
664,2024-07-15T00:00:00.000,-0.952683874
665,2024-07-16T00:00:00.000,-0.931717983
666,2024-07-17T00:00:00.000,-0.907075026
667,2024-07-18T00:00:00.000,-0.878852258
668,2024-07-19T00:00:00.000,-0.847161063
669,2024-07-20T00:00:00.000,-0.812126509
670,2024-07-21T00:00:00.000,-0.773886863
671,2024-07-22T00:00:00.000,-0.73259304
672,2024-07-23T00:00:00.000,-0.688408006
673,2024-07-24T00:00:00.000,-0.64150614
674,2024-07-25T00:00:00.000,-0.592072543
675,2024-07-26T00:00:00.000,-0.540302306
676,2024-07-27T00:00:00.000,-0.486399742
677,2024-07-28T00:00:00.000,-0.430577581
678,2024-07-29T00:00:00.000,-0.373056127
679,2024-07-30T00:00:00.000,-0.314062391
680,2024-07-31T00:00:00.000,-0.253829194
681,2024-08-01T00:00:00.000,-0.192594249
682,2024-08-02T00:00:00.000,-0.130599223
683,2024-08-03T00:00:00.000,-0.068088781
684,2024-08-04T00:00:00.000,-0.005309624
685,2024-08-05T00:00:00.000,0.057490488
686,2024-08-06T00:00:00.000,0.120063711
687,2024-08-07T00:00:00.000,0.182163097
688,2024-08-08T00:00:00.000,0.243543569
689,2024-08-09T00:00:00.000,0.303962886
690,2024-08-10T00:00:00.000,0.3631826
691,2024-08-11T00:00:00.000,0.420968998
692,2024-08-12T00:00:00.000,0.477094024
693,2024-08-13T00:00:00.000,0.531336178
694,2024-08-14T00:00:00.000,0.583481391
695,2024-08-15T00:00:00.000,0.633323869
696,2024-08-16T00:00:00.000,0.680666907
697,2024-08-17T00:00:00.000,0.725323664
698,2024-08-18T00:00:00.000,0.7671179
699,2024-08-19T00:00:00.000,0.805884672
700,2024-08-20T00:00:00.000,0.841470985
701,2024-08-21T00:00:00.000,0.873736397
702,2024-08-22T00:00:00.000,0.90255357
703,2024-08-23T00:00:00.000,0.927808777
704,2024-08-24T00:00:00.000,0.949402346
705,2024-08-25T00:00:00.000,0.967249058
706,2024-08-26T00:00:00.000,0.98127848
707,2024-08-27T00:00:00.000,0.991435244
708,2024-08-28T00:00:00.000,0.997679266
709,2024-08-29T00:00:00.000,0.999985904
710,2024-08-30T00:00:00.000,0.998346054
711,2024-08-31T00:00:00.000,0.992766189
712,2024-09-01T00:00:00.000,0.983268329
713,2024-09-02T00:00:00.000,0.969889958
714,2024-09-03T00:00:00.000,0.952683874
715,2024-09-04T00:00:00.000,0.931717983
716,2024-09-05T00:00:00.000,0.907075026
717,2024-09-06T00:00:00.000,0.878852258
718,2024-09-07T00:00:00.000,0.847161063
719,2024-09-08T00:00:00.000,0.812126509
720,2024-09-09T00:00:00.000,0.773886863
721,2024-09-10T00:00:00.000,0.73259304
722,2024-09-11T00:00:00.000,0.688408006
723,2024-09-12T00:00:00.000,0.64150614
724,2024-09-13T00:00:00.000,0.592072543
725,2024-09-14T00:00:00.000,0.540302306
726,2024-09-15T00:00:00.000,0.486399742
727,2024-09-16T00:00:00.000,0.430577581
728,2024-09-17T00:00:00.000,0.373056127
729,2024-09-18T00:00:00.000,0.314062391
730,2024-09-19T00:00:00.000,0.253829194
731,2024-09-20T00:00:00.000,0.192594249
732,2024-09-21T00:00:00.000,0.130599223
733,2024-09-22T00:00:00.000,0.068088781
734,2024-09-23T00:00:00.000,0.005309624
735,2024-09-24T00:00:00.000,-0.057490488
736,2024-09-25T00:00:00.000,-0.120063711
737,2024-09-26T00:00:00.000,-0.182163097
738,2024-09-27T00:00:00.000,-0.243543569
739,2024-09-28T00:00:00.000,-0.303962886
740,2024-09-29T00:00:00.000,-0.3631826
741,2024-09-30T00:00:00.000,-0.420968998
742,2024-10-01T00:00:00.000,-0.477094024
743,2024-10-02T00:00:00.000,-0.531336178
744,2024-10-03T00:00:00.000,-0.583481391
745,2024-10-04T00:00:00.000,-0.633323869
746,2024-10-05T00:00:00.000,-0.680666907
747,2024-10-06T00:00:00.000,-0.725323664
748,2024-10-07T00:00:00.000,-0.7671179
749,2024-10-08T00:00:00.000,-0.805884672
750,2024-10-09T00:00:00.000,-0.841470985
751,2024-10-10T00:00:00.000,-0.873736397
752,2024-10-11T00:00:00.000,-0.90255357
753,2024-10-12T00:00:00.000,-0.927808777
754,2024-10-13T00:00:00.000,-0.949402346
755,2024-10-14T00:00:00.000,-0.967249058
756,2024-10-15T00:00:00.000,-0.98127848
757,2024-10-16T00:00:00.000,-0.991435244
758,2024-10-17T00:00:00.000,-0.997679266
759,2024-10-18T00:00:00.000,-0.999985904
760,2024-10-19T00:00:00.000,-0.998346054
761,2024-10-20T00:00:00.000,-0.992766189
762,2024-10-21T00:00:00.000,-0.983268329
763,2024-10-22T00:00:00.000,-0.969889958
764,2024-10-23T00:00:00.000,-0.952683874
765,2024-10-24T00:00:00.000,-0.931717983
766,2024-10-25T00:00:00.000,-0.907075026
767,2024-10-26T00:00:00.000,-0.878852258
768,2024-10-27T00:00:00.000,-0.847161063
769,2024-10-28T00:00:00.000,-0.812126509
770,2024-10-29T00:00:00.000,-0.773886863
771,2024-10-30T00:00:00.000,-0.73259304
772,2024-10-31T00:00:00.000,-0.688408006
773,2024-11-01T00:00:00.000,-0.64150614
774,2024-11-02T00:00:00.000,-0.592072543
775,2024-11-03T00:00:00.000,-0.540302306
776,2024-11-04T00:00:00.000,-0.486399742
777,2024-11-05T00:00:00.000,-0.430577581
778,2024-11-06T00:00:00.000,-0.373056127
779,2024-11-07T00:00:00.000,-0.314062391
780,2024-11-08T00:00:00.000,-0.253829194
781,2024-11-09T00:00:00.000,-0.192594249
782,2024-11-10T00:00:00.000,-0.130599223
783,2024-11-11T00:00:00.000,-0.068088781
784,2024-11-12T00:00:00.000,-0.005309624
785,2024-11-13T00:00:00.000,0.057490488
786,2024-11-14T00:00:00.000,0.120063711
787,2024-11-15T00:00:00.000,0.182163097
788,2024-11-16T00:00:00.000,0.243543569
789,2024-11-17T00:00:00.000,0.303962886
790,2024-11-18T00:00:00.000,0.3631826
791,2024-11-19T00:00:00.000,0.420968998
792,2024-11-20T00:00:00.000,0.477094024
793,2024-11-21T00:00:00.000,0.531336178
794,2024-11-22T00:00:00.000,0.583481391
795,2024-11-23T00:00:00.000,0.633323869
796,2024-11-24T00:00:00.000,0.680666907
797,2024-11-25T00:00:00.000,0.725323664
798,2024-11-26T00:00:00.000,0.7671179
799,2024-11-27T00:00:00.000,0.805884672
800,2024-11-28T00:00:00.000,0.841470985
801,2024-11-29T00:00:00.000,0.873736397
802,2024-11-30T00:00:00.000,0.90255357
803,2024-12-01T00:00:00.000,0.927808777
804,2024-12-02T00:00:00.000,0.949402346
805,2024-12-03T00:00:00.000,0.967249058
806,2024-12-04T00:00:00.000,0.98127848
807,2024-12-05T00:00:00.000,0.991435244
808,2024-12-06T00:00:00.000,0.997679266
809,2024-12-07T00:00:00.000,0.999985904
810,2024-12-08T00:00:00.000,0.998346054
811,2024-12-09T00:00:00.000,0.992766189
812,2024-12-10T00:00:00.000,0.983268329
813,2024-12-11T00:00:00.000,0.969889958
814,2024-12-12T00:00:00.000,0.952683874
815,2024-12-13T00:00:00.000,0.931717983
816,2024-12-14T00:00:00.000,0.907075026
817,2024-12-15T00:00:00.000,0.878852258
818,2024-12-16T00:00:00.000,0.847161063
819,2024-12-17T00:00:00.000,0.812126509
820,2024-12-18T00:00:00.000,0.773886863
821,2024-12-19T00:00:00.000,0.73259304
822,2024-12-20T00:00:00.000,0.688408006
823,2024-12-21T00:00:00.000,0.64150614
824,2024-12-22T00:00:00.000,0.592072543
825,2024-12-23T00:00:00.000,0.540302306
826,2024-12-24T00:00:00.000,0.486399742
827,2024-12-25T00:00:00.000,0.430577581
828,2024-12-26T00:00:00.000,0.373056127
829,2024-12-27T00:00:00.000,0.314062391
830,2024-12-28T00:00:00.000,0.253829194
831,2024-12-29T00:00:00.000,0.192594249
832,2024-12-30T00:00:00.000,0.130599223
833,2024-12-31T00:00:00.000,0.068088781
834,2025-01-01T00:00:00.000,0.005309624
835,2025-01-02T00:00:00.000,-0.057490488
836,2025-01-03T00:00:00.000,-0.120063711
837,2025-01-04T00:00:00.000,-0.182163097
838,2025-01-05T00:00:00.000,-0.243543569
839,2025-01-06T00:00:00.000,-0.303962886
840,2025-01-07T00:00:00.000,-0.3631826
841,2025-01-08T00:00:00.000,-0.420968998
842,2025-01-09T00:00:00.000,-0.477094024
843,2025-01-10T00:00:00.000,-0.531336178
844,2025-01-11T00:00:00.000,-0.583481391
845,2025-01-12T00:00:00.000,-0.633323869
846,2025-01-13T00:00:00.000,-0.680666907
847,2025-01-14T00:00:00.000,-0.725323664
848,2025-01-15T00:00:00.000,-0.7671179
849,2025-01-16T00:00:00.000,-0.805884672
850,2025-01-17T00:00:00.000,-0.841470985
851,2025-01-18T00:00:00.000,-0.873736397
852,2025-01-19T00:00:00.000,-0.90255357
853,2025-01-20T00:00:00.000,-0.927808777
854,2025-01-21T00:00:00.000,-0.949402346
855,2025-01-22T00:00:00.000,-0.967249058
856,2025-01-23T00:00:00.000,-0.98127848
857,2025-01-24T00:00:00.000,-0.991435244
858,2025-01-25T00:00:00.000,-0.997679266
859,2025-01-26T00:00:00.000,-0.999985904
860,2025-01-27T00:00:00.000,-0.998346054
861,2025-01-28T00:00:00.000,-0.992766189
862,2025-01-29T00:00:00.000,-0.983268329
863,2025-01-30T00:00:00.000,-0.969889958
864,2025-01-31T00:00:00.000,-0.952683874
865,2025-02-01T00:00:00.000,-0.931717983
866,2025-02-02T00:00:00.000,-0.907075026
867,2025-02-03T00:00:00.000,-0.878852258
868,2025-02-04T00:00:00.000,-0.847161063
869,2025-02-05T00:00:00.000,-0.812126509
870,2025-02-06T00:00:00.000,-0.773886863
871,2025-02-07T00:00:00.000,-0.73259304
872,2025-02-08T00:00:00.000,-0.688408006
873,2025-02-09T00:00:00.000,-0.64150614
874,2025-02-10T00:00:00.000,-0.592072543
875,2025-02-11T00:00:00.000,-0.540302306
876,2025-02-12T00:00:00.000,-0.486399742
877,2025-02-13T00:00:00.000,-0.430577581
878,2025-02-14T00:00:00.000,-0.373056127
879,2025-02-15T00:00:00.000,-0.314062391
880,2025-02-16T00:00:00.000,-0.253829194
881,2025-02-17T00:00:00.000,-0.192594249
882,2025-02-18T00:00:00.000,-0.130599223
883,2025-02-19T00:00:00.000,-0.068088781
884,2025-02-20T00:00:00.000,-0.005309624
885,2025-02-21T00:00:00.000,0.057490488
886,2025-02-22T00:00:00.000,0.120063711
887,2025-02-23T00:00:00.000,0.182163097
888,2025-02-24T00:00:00.000,0.243543569
889,2025-02-25T00:00:00.000,0.303962886
890,2025-02-26T00:00:00.000,0.3631826
891,2025-02-27T00:00:00.000,0.420968998
892,2025-02-28T00:00:00.000,0.477094024
893,2025-03-01T00:00:00.000,0.531336178
894,2025-03-02T00:00:00.000,0.583481391
895,2025-03-03T00:00:00.000,0.633323869
896,2025-03-04T00:00:00.000,0.680666907
897,2025-03-05T00:00:00.000,0.725323664
898,2025-03-06T00:00:00.000,0.7671179
899,2025-03-07T00:00:00.000,0.805884672
900,2025-03-08T00:00:00.000,0.841470985
901,2025-03-09T00:00:00.000,0.873736397
902,2025-03-10T00:00:00.000,0.90255357
903,2025-03-11T00:00:00.000,0.927808777
904,2025-03-12T00:00:00.000,0.949402346
905,2025-03-13T00:00:00.000,0.967249058
906,2025-03-14T00:00:00.000,0.98127848
907,2025-03-15T00:00:00.000,0.991435244
908,2025-03-16T00:00:00.000,0.997679266
909,2025-03-17T00:00:00.000,0.999985904
910,2025-03-18T00:00:00.000,0.998346054
911,2025-03-19T00:00:00.000,0.992766189
912,2025-03-20T00:00:00.000,0.983268329
913,2025-03-21T00:00:00.000,0.969889958
914,2025-03-22T00:00:00.000,0.952683874
915,2025-03-23T00:00:00.000,0.931717983
916,2025-03-24T00:00:00.000,0.907075026
917,2025-03-25T00:00:00.000,0.878852258
918,2025-03-26T00:00:00.000,0.847161063
919,2025-03-27T00:00:00.000,0.812126509
920,2025-03-28T00:00:00.000,0.773886863
921,2025-03-29T00:00:00.000,0.73259304
922,2025-03-30T00:00:00.000,0.688408006
923,2025-03-31T00:00:00.000,0.64150614
924,2025-04-01T00:00:00.000,0.592072543
925,2025-04-02T00:00:00.000,0.540302306
926,2025-04-03T00:00:00.000,0.486399742
927,2025-04-04T00:00:00.000,0.430577581
928,2025-04-05T00:00:00.000,0.373056127
929,2025-04-06T00:00:00.000,0.314062391
930,2025-04-07T00:00:00.000,0.253829194
931,2025-04-08T00:00:00.000,0.192594249
932,2025-04-09T00:00:00.000,0.130599223
933,2025-04-10T00:00:00.000,0.068088781
934,2025-04-11T00:00:00.000,0.005309624
935,2025-04-12T00:00:00.000,-0.057490488
936,2025-04-13T00:00:00.000,-0.120063711
937,2025-04-14T00:00:00.000,-0.182163097
938,2025-04-15T00:00:00.000,-0.243543569
939,2025-04-16T00:00:00.000,-0.303962886
940,2025-04-17T00:00:00.000,-0.3631826
941,2025-04-18T00:00:00.000,-0.420968998
942,2025-04-19T00:00:00.000,-0.477094024
943,2025-04-20T00:00:00.000,-0.531336178
944,2025-04-21T00:00:00.000,-0.583481391
945,2025-04-22T00:00:00.000,-0.633323869
946,2025-04-23T00:00:00.000,-0.680666907
947,2025-04-24T00:00:00.000,-0.725323664
948,2025-04-25T00:00:00.000,-0.7671179
949,2025-04-26T00:00:00.000,-0.805884672
950,2025-04-27T00:00:00.000,-0.841470985
951,2025-04-28T00:00:00.000,-0.873736397
952,2025-04-29T00:00:00.000,-0.90255357
953,2025-04-30T00:00:00.000,-0.927808777
954,2025-05-01T00:00:00.000,-0.949402346
955,2025-05-02T00:00:00.000,-0.967249058
956,2025-05-03T00:00:00.000,-0.98127848
957,2025-05-04T00:00:00.000,-0.991435244
958,2025-05-05T00:00:00.000,-0.997679266
959,2025-05-06T00:00:00.000,-0.999985904
960,2025-05-07T00:00:00.000,-0.998346054
961,2025-05-08T00:00:00.000,-0.992766189
962,2025-05-09T00:00:00.000,-0.983268329
963,2025-05-10T00:00:00.000,-0.969889958
964,2025-05-11T00:00:00.000,-0.952683874
965,2025-05-12T00:00:00.000,-0.931717983
966,2025-05-13T00:00:00.000,-0.907075026
967,2025-05-14T00:00:00.000,-0.878852258
968,2025-05-15T00:00:00.000,-0.847161063
969,2025-05-16T00:00:00.000,-0.812126509
970,2025-05-17T00:00:00.000,-0.773886863
971,2025-05-18T00:00:00.000,-0.73259304
972,2025-05-19T00:00:00.000,-0.688408006
973,2025-05-20T00:00:00.000,-0.64150614
974,2025-05-21T00:00:00.000,-0.592072543
975,2025-05-22T00:00:00.000,-0.540302306
976,2025-05-23T00:00:00.000,-0.486399742
977,2025-05-24T00:00:00.000,-0.430577581
978,2025-05-25T00:00:00.000,-0.373056127
979,2025-05-26T00:00:00.000,-0.314062391
980,2025-05-27T00:00:00.000,-0.253829194
981,2025-05-28T00:00:00.000,-0.192594249
982,2025-05-29T00:00:00.000,-0.130599223
983,2025-05-30T00:00:00.000,-0.068088781
984,2025-05-31T00:00:00.000,-0.005309624
985,2025-06-01T00:00:00.000,0.057490488
986,2025-06-02T00:00:00.000,0.120063711
987,2025-06-03T00:00:00.000,0.182163097
988,2025-06-04T00:00:00.000,0.243543569
989,2025-06-05T00:00:00.000,0.303962886
990,2025-06-06T00:00:00.000,0.3631826
991,2025-06-07T00:00:00.000,0.420968998
992,2025-06-08T00:00:00.000,0.477094024
993,2025-06-09T00:00:00.000,0.531336178
994,2025-06-10T00:00:00.000,0.583481391
995,2025-06-11T00:00:00.000,0.633323869
996,2025-06-12T00:00:00.000,0.680666907
997,2025-06-13T00:00:00.000,0.725323664
998,2025-06-14T00:00:00.000,0.7671179
999,2025-06-15T00:00:00.000,0.805884672
1000,2025-06-16T00:00:00.000,0.841470985
1001,2025-06-17T00:00:00.000,0.873736397
1002,2025-06-18T00:00:00.000,0.90255357
1003,2025-06-19T00:00:00.000,0.927808777
1004,2025-06-20T00:00:00.000,0.949402346
1005,2025-06-21T00:00:00.000,0.967249058
1006,2025-06-22T00:00:00.000,0.98127848
1007,2025-06-23T00:00:00.000,0.991435244
1008,2025-06-24T00:00:00.000,0.997679266
1009,2025-06-25T00:00:00.000,0.999985904
1010,2025-06-26T00:00:00.000,0.998346054
1011,2025-06-27T00:00:00.000,0.992766189
1012,2025-06-28T00:00:00.000,0.983268329
1013,2025-06-29T00:00:00.000,0.969889958
1014,2025-06-30T00:00:00.000,0.952683874
1015,2025-07-01T00:00:00.000,0.931717983
1016,2025-07-02T00:00:00.000,0.907075026
1017,2025-07-03T00:00:00.000,0.878852258
1018,2025-07-04T00:00:00.000,0.847161063
1019,2025-07-05T00:00:00.000,0.812126509
1020,2025-07-06T00:00:00.000,0.773886863
1021,2025-07-07T00:00:00.000,0.73259304
1022,2025-07-08T00:00:00.000,0.688408006
1023,2025-07-09T00:00:00.000,0.64150614
1024,2025-07-10T00:00:00.000,0.592072543
1025,2025-07-11T00:00:00.000,0.540302306
1026,2025-07-12T00:00:00.000,0.486399742
1027,2025-07-13T00:00:00.000,0.430577581
1028,2025-07-14T00:00:00.000,0.373056127
1029,2025-07-15T00:00:00.000,0.314062391
1030,2025-07-16T00:00:00.000,0.253829194
1031,2025-07-17T00:00:00.000,0.192594249
1032,2025-07-18T00:00:00.000,0.130599223
1033,2025-07-19T00:00:00.000,0.068088781
1034,2025-07-20T00:00:00.000,0.005309624
1035,2025-07-21T00:00:00.000,-0.057490488
1036,2025-07-22T00:00:00.000,-0.120063711
1037,2025-07-23T00:00:00.000,-0.182163097
1038,2025-07-24T00:00:00.000,-0.243543569
1039,2025-07-25T00:00:00.000,-0.303962886
1040,2025-07-26T00:00:00.000,-0.3631826
1041,2025-07-27T00:00:00.000,-0.420968998
1042,2025-07-28T00:00:00.000,-0.477094024
1043,2025-07-29T00:00:00.000,-0.531336178
1044,2025-07-30T00:00:00.000,-0.583481391
1045,2025-07-31T00:00:00.000,-0.633323869
1046,2025-08-01T00:00:00.000,-0.680666907
1047,2025-08-02T00:00:00.000,-0.725323664
1048,2025-08-03T00:00:00.000,-0.7671179
1049,2025-08-04T00:00:00.000,-0.805884672
1050,2025-08-05T00:00:00.000,-0.841470985
1051,2025-08-06T00:00:00.000,-0.873736397
1052,2025-08-07T00:00:00.000,-0.90255357
1053,2025-08-08T00:00:00.000,-0.927808777
1054,2025-08-09T00:00:00.000,-0.949402346
1055,2025-08-10T00:00:00.000,-0.967249058
1056,2025-08-11T00:00:00.000,-0.98127848
1057,2025-08-12T00:00:00.000,-0.991435244
1058,2025-08-13T00:00:00.000,-0.997679266
1059,2025-08-14T00:00:00.000,-0.999985904
1060,2025-08-15T00:00:00.000,-0.998346054
1061,2025-08-16T00:00:00.000,-0.992766189
1062,2025-08-17T00:00:00.000,-0.983268329
1063,2025-08-18T00:00:00.000,-0.969889958
1064,2025-08-19T00:00:00.000,-0.952683874
1065,2025-08-20T00:00:00.000,-0.931717983
1066,2025-08-21T00:00:00.000,-0.907075026
1067,2025-08-22T00:00:00.000,-0.878852258
1068,2025-08-23T00:00:00.000,-0.847161063
1069,2025-08-24T00:00:00.000,-0.812126509
1070,2025-08-25T00:00:00.000,-0.773886863
1071,2025-08-26T00:00:00.000,-0.73259304
1072,2025-08-27T00:00:00.000,-0.688408006
1073,2025-08-28T00:00:00.000,-0.64150614
1074,2025-08-29T00:00:00.000,-0.592072543
1075,2025-08-30T00:00:00.000,-0.540302306
1076,2025-08-31T00:00:00.000,-0.486399742
1077,2025-09-01T00:00:00.000,-0.430577581
1078,2025-09-02T00:00:00.000,-0.373056127
1079,2025-09-03T00:00:00.000,-0.314062391
1080,2025-09-04T00:00:00.000,-0.253829194
1081,2025-09-05T00:00:00.000,-0.192594249
1082,2025-09-06T00:00:00.000,-0.130599223
1083,2025-09-07T00:00:00.000,-0.068088781
1084,2025-09-08T00:00:00.000,-0.005309624
1085,2025-09-09T00:00:00.000,0.057490488
1086,2025-09-10T00:00:00.000,0.120063711
1087,2025-09-11T00:00:00.000,0.182163097
1088,2025-09-12T00:00:00.000,0.243543569
1089,2025-09-13T00:00:00.000,0.303962886
1090,2025-09-14T00:00:00.000,0.3631826
1091,2025-09-15T00:00:00.000,0.420968998
1092,2025-09-16T00:00:00.000,0.477094024
1093,2025-09-17T00:00:00.000,0.531336178
1094,2025-09-18T00:00:00.000,0.583481391

